time_days,cycle,temperature,current,voltage,SOH_real
1,1,25.2347704275046,10.8813244482021,3.65779648624909,1
2,2,24.9395166250456,15.5911766265001,3.63928832897793,0.996859734255166
3,3,24.3154023826002,13.4093924164162,3.64469090747217,0.991603952256436
4,4,25.477878116962,23.5420111953935,3.73983475126862,1
5,5,25.3684826433688,28.0483585665246,3.71386763157823,0.989584813425015
6,6,24.9048171387421,17.0397464331369,3.70717760002133,0.970511679797073
7,7,25.0411021176164,12.0031703216429,3.73902006445766,0.984486691163452
8,8,25.0368249426486,25.8600447146894,3.74287207079239,0.984641601601836
9,9,25.0891904717624,19.3686485806994,3.66871809563147,1
10,10,25.3859211893441,23.7468241378712,3.61385563606118,1
11,11,24.8198390817303,23.6615705749483,3.62710788725943,0.989823293682939
12,12,25.7944956231157,18.4287177173931,3.74504122603174,0.99804553180196
13,13,24.4276291594788,23.1868505224193,3.72354064333253,0.974966318344192
14,14,24.839024286771,22.6685425841861,3.63031971630062,0.990221564804637
15,15,24.5995628027299,20.502920175327,3.67926655032549,0.985473253500604
16,16,24.6671287852006,13.8256289964431,3.69679747706145,1
17,17,24.1740320870443,20.2381201948166,3.70590110901589,1
18,18,25.5828685031021,24.9666052560695,3.69694231983006,0.978800805413882
19,19,25.0381408702672,18.3965383333207,3.65844883407296,0.95057584381233
20,20,24.9365406287461,24.7495883895557,3.75517644736179,0.989791990959356
21,21,25.0481076572511,23.7293546780894,3.67500614119614,1
22,22,24.6446222232469,29.1145202508534,3.65252784790225,1
23,23,24.815023188384,16.1581292266033,3.60193687971282,0.999317305587694
24,24,25.4486868526025,16.84601725099,3.636217206923,1
25,25,24.966716181799,17.7406714401134,3.83782757522903,0.966946688149409
26,26,25.2555110524812,10.5235181071687,3.67013808705446,0.959832570494641
27,27,25.3276827150711,22.6709281023426,3.77417702105689,0.993552691177668
28,28,25.5140800780521,21.3050211809041,3.67396415828284,0.980685122170482
29,29,24.7325138834289,17.3102282566246,3.75109942658589,0.959450236571198
30,30,24.6273699624378,18.4291739771836,3.67028310390121,0.996682250173285
31,31,25.1897231600667,19.2440054405862,3.66444923063444,1
32,32,24.52858499225,16.2887755211445,3.71772846897939,0.986578141802388
33,33,25.5877972286535,14.5132338269682,3.70797781442908,0.986364169892507
34,34,24.4633309793008,12.318737681415,3.73471852056927,0.982643378396343
35,35,25.5458074964296,12.6793221135637,3.67477012424704,0.965408911356681
36,36,25.8132245667878,28.9304688732113,3.72791914342472,0.979366783202277
37,37,24.3557518386185,19.8486594253679,3.66501005916087,0.995463986801559
38,38,25.5910568222419,24.9642725389284,3.7412315669469,0.954900288405979
39,39,25.2594925048608,16.2187031909754,3.73316806395943,0.996228313961984
40,40,25.0578287984725,10.1541056953431,3.71484040415766,1
41,41,24.8810174884443,22.3124334218096,3.64714199793746,0.974225966022814
42,42,24.9071491537476,17.1514667856052,3.61749784741601,0.973052696310013
43,43,25.4414595225883,22.976581421138,3.66998835093451,1
44,44,24.6766493196669,26.9195445721395,3.70620928209852,0.983625410390708
45,45,24.6951020185782,12.0270642403949,3.62316016851563,0.982437773892066
46,46,26.5451567612898,21.7660366864356,3.72566350544146,0.96995084963776
47,47,25.7957479110815,21.6476437721317,3.7806292489101,0.956021555463108
48,48,25.5436275371321,20.4360752150422,3.67648108147984,0.962716877654305
49,49,25.479004157402,19.0919965975305,3.69274258891237,0.979494678017771
50,50,24.9873131461456,29.3340401012798,3.64854781537386,0.952188356082338
51,51,24.1302248932034,13.6461391531282,3.6970737652694,0.969324930717318
52,52,24.9044859505304,21.1878425760743,3.6559051556843,0.95461779896302
53,53,25.3807191258382,22.529489787821,3.75169022881961,0.941918454845497
54,54,25.3357783244409,10.6025999454848,3.73850463719007,1
55,55,25.8022173083594,22.8454611454382,3.71165162018468,0.984925632902208
56,56,25.6110816582424,26.7632226345356,3.68589075258081,0.962808877692075
57,57,25.2269135382497,17.9027203321293,3.7815309950333,0.989277393119966
58,58,24.7241365320606,18.7468440611648,3.59210046679805,0.967392958289881
59,59,24.8586643418789,11.6976555614257,3.71761163370726,0.974574176191242
60,60,25.2553088276919,21.6275494803824,3.73357861562678,0.973115543216844
61,61,24.7644960082165,27.4336395288265,3.70227494916233,0.969970363654295
62,62,24.7776215651984,14.1381415418202,3.76612564127743,0.963589484112308
63,63,25.7271860603737,11.8922006447265,3.66085238209933,0.962505966946091
64,64,24.9331095411001,13.7590439886664,3.70303805374452,0.947657517439733
65,65,24.209380947326,23.3567315348412,3.76824728619692,0.985090791880559
66,66,23.9036242876366,24.6484181100502,3.65522297257876,0.954960592810522
67,67,25.1225966470729,22.620208977835,3.76300460884087,0.959484991582682
68,68,24.7604699028449,19.3641230996275,3.61165339554764,0.938251782981067
69,69,24.8012898583517,16.2872466203754,3.68855777644514,0.959744470223949
70,70,24.9301901702936,22.8293332462476,3.77140999631387,0.988521519353281
71,71,25.0186162955392,21.240537907686,3.72753181514701,0.93566517582891
72,72,24.490447858165,23.2745333850043,3.69973995632704,0.971738159372145
73,73,24.9873265672922,12.4975408882935,3.71288845543233,0.927419291053648
74,74,23.9021679160354,23.4805435041432,3.6546775964565,0.966833270519177
75,75,24.5330629635979,23.6062255644175,3.62516749160587,0.986271997424928
76,76,24.80291768347,28.6024028812389,3.59566086980275,0.957391348208595
77,77,25.1386941000647,26.5763938228288,3.73025682859723,0.931206551669019
78,78,25.1389068866069,13.5620070931452,3.60393512480882,0.988084922068715
79,79,25.6333779257178,28.9848125446617,3.71971643329956,0.932105540320597
80,80,25.8411614015358,13.9924569788392,3.60945044157683,0.939045594581056
81,81,25.2224801011486,14.3536132356944,3.72512828521348,0.960666015633056
82,82,24.5867126230073,10.1704387451837,3.71375631399227,0.958803754987815
83,83,25.2666297756284,16.0125315689023,3.70829331108553,0.949166584130285
84,84,25.6263457658755,15.4894164546028,3.68093090879576,0.955161998199063
85,85,25.5641255066918,21.7289690147126,3.76282138199697,0.95824745269933
86,86,25.051239356572,17.9310569496631,3.74219406378014,0.945520317358728
87,87,24.27219798878,13.7280554769748,3.63820513354809,0.953610493629824
88,88,24.3556426569831,17.8563279733662,3.67394869450563,0.940285421724346
89,89,24.8169475460961,13.0918767963553,3.72075926940038,0.93669078059684
90,90,25.2603102361977,26.646089087397,3.68104267847247,0.936273926009415
91,91,24.7052962970193,12.9950414840299,3.75373291646772,0.947470747447687
92,92,24.2155852614345,23.5909190340462,3.637036807678,0.925090610973221
93,93,25.6604949408283,25.0017996697709,3.72622514656614,0.930718808234332
94,94,24.7737192590526,10.297800164263,3.73622446576682,0.941678096076345
95,95,25.5001867513364,12.8449299622614,3.71726176460232,0.950639490460127
96,96,25.2185521470676,10.6131120848994,3.71236221109438,0.938794776585682
97,97,24.3473713097176,26.1739102547585,3.63216551442894,0.942235510020164
98,98,25.0275715728149,10.9429191061989,3.78319563558295,0.929087417213056
99,99,25.3369332128949,23.3236295620459,3.69300108525884,0.910654123640494
100,100,24.6571342307055,19.1206487116626,3.63669239520765,0.928405910308579
101,101,24.6528416377742,26.0599275857222,3.65051529146078,0.928031149177616
102,102,25.1601630003675,17.1687781164188,3.62771438932869,0.967885038827166
103,103,24.4810763971273,10.5066809020885,3.65325794015308,0.959163646939057
104,104,24.6591544284799,14.3717631258623,3.73055704114918,0.948269754415145
105,105,25.6629042836294,24.2182980006958,3.68348687607451,0.961930455284877
106,106,24.8280853621152,20.978415725685,3.70952673510986,0.938514214445613
107,107,25.2273288926625,27.3938606538798,3.74041211170964,0.924894477132715
108,108,24.7555937230195,24.7767131158811,3.66664004386658,0.952837747581016
109,109,24.2281688657371,12.0646026485941,3.73786511727849,0.921502992951192
110,110,24.7607786953897,29.428664285695,3.69070975083086,0.918855239323634
111,111,24.7192326321496,24.7742521509814,3.68517731560648,0.944715538809155
112,112,25.100540294807,10.2771515365003,3.71651116552646,0.921632734142673
113,113,24.7484765601553,23.5824333213388,3.69130351296051,0.911822913336586
114,114,25.5051958079835,19.7100546208901,3.6710515180061,0.916324339977195
115,115,23.972096469148,10.6943670093257,3.78501060433527,0.918716344967408
116,116,25.194495027395,12.288792410416,3.70242268615881,0.903434989920806
117,117,24.7338889782575,11.5325022129816,3.70108846261159,0.915416172672639
118,118,25.4822986555588,22.1564935665367,3.67979735144514,0.940199307209427
119,119,25.0341221531423,14.6693170399036,3.62653781267743,0.972357446125134
120,120,25.8159272622587,12.8402288709805,3.76257947922037,0.916711411881915
121,121,24.795742059344,20.6034639652683,3.65186678761972,0.939828008146933
122,122,24.8412443388116,28.6060267645787,3.70567826334913,0.962855776934415
123,123,25.2376266335283,22.338055405988,3.70282624012377,0.926336620844748
124,124,25.5267423012273,23.7978383522746,3.75739280884149,0.918462456718747
125,125,24.3960326006581,14.6885173334356,3.68734620049476,0.929649819366824
126,126,23.6749770774827,14.1368771984699,3.65908147187992,0.929007062487131
127,127,24.9047931318714,10.7473253183382,3.67172438072866,0.907796427229143
128,128,25.1244547554843,23.2672993195674,3.70685943084434,0.925921200678313
129,129,25.7615933508268,20.1450914125251,3.69046691118029,0.911192253065361
130,130,24.8696514179934,19.7160089865437,3.626421329507,0.900500759701403
131,131,25.0459071044758,27.2339001743747,3.75169741608541,0.924213874415659
132,132,25.3352366770168,29.3102980889257,3.67605169264905,0.939224206500694
133,133,24.6907619407887,25.1937587064626,3.82610967310117,0.932596404249046
134,134,24.4930017742961,14.9335889618367,3.69925277567195,0.920075014154908
135,135,24.8850395925782,23.5253492200602,3.68727755055658,0.93349384752796
136,136,24.1116778999204,25.18610889481,3.70428494884777,0.940420835108245
137,137,25.2527726522014,21.7237962809672,3.7110636978334,0.915420546874377
138,138,24.4818234376863,26.4487853411258,3.7273793494263,0.911079212944893
139,139,24.222195685404,28.536702908134,3.83134279613363,0.931267145999325
140,140,25.0292701889114,22.751337558851,3.60285108403559,0.916265407633696
141,141,25.2391991399402,10.3787573495647,3.64938698418307,0.953204693868486
142,142,24.8827342641842,13.6868126230504,3.66579821423031,0.889311332036562
143,143,25.2654509748067,10.5348141840506,3.71539989372721,0.884760296962937
144,144,25.3770895965088,28.6999734205399,3.68121748980249,0.892772410106196
145,145,25.3409334336646,19.6893471668634,3.72812082677689,0.91620254330002
146,146,24.8960397771411,25.8957111807151,3.63047813209604,0.911663750734153
147,147,25.1326737053125,19.1367068018242,3.75774452602311,0.90746281330028
148,148,24.7238648856582,19.884185218346,3.71324593697665,0.930344086116851
149,149,25.7548467907807,18.514279049972,3.71649211645575,0.907972511050832
150,150,24.6400137160866,27.8354431026331,3.63850155003674,0.920744181332867
151,151,24.4237203133277,27.4857023988542,3.67022915635362,0.942368755061575
152,152,24.6869114391517,22.6630073904553,3.708210230561,0.93238137216927
153,153,24.6528691212598,15.8455862559018,3.66172608504408,0.898863663302309
154,154,24.3607252679151,15.8335668077458,3.74078401127978,0.952412533261011
155,155,24.3615276846185,14.9100008734387,3.66823143180764,0.926854526005633
156,156,25.8646687200046,24.086958404363,3.66056768106735,0.911446203764462
157,157,25.0335665809444,25.4922374585691,3.72336179749211,0.884916796076653
158,158,24.5381166228126,26.4530712231721,3.65521724397358,0.939669045129081
159,159,25.5335538403107,26.1237929146745,3.74848787242906,0.902778078142218
160,160,24.5207768785612,15.0754190696673,3.62430806081685,0.902131722172047
161,161,25.7671187444808,26.0099972153746,3.66336704547521,0.904395200569227
162,162,24.8541854758083,22.5941744492524,3.80171972650335,0.907726964140589
163,163,24.6156731185164,14.630031343448,3.65753455607961,0.946861232535957
164,164,25.6601502407226,17.6215352310894,3.67667361737316,0.929054780244822
165,165,24.7211476159481,19.0640328080437,3.71389024958959,0.8997959816991
166,166,25.0044721696819,20.0111911621943,3.7178066144558,0.932590610996865
167,167,25.3635802764995,20.8114309034849,3.84642840748192,0.893166353612093
168,168,25.1451904303886,16.9029031727165,3.76998700860556,0.878264321882964
169,169,24.6804752502591,15.8286005607249,3.67465005373227,0.889885278204312
170,170,23.946853590494,24.0705718055446,3.73321765068425,0.886255601505537
171,171,24.6089476363908,28.6815682906136,3.77106868754941,0.895301924607344
172,172,25.3412486502627,21.8834951458915,3.69753713505998,0.895820674632841
173,173,25.5382083235559,21.8618154548973,3.57859917207902,0.91311705205017
174,174,25.1228168347111,24.7746206772035,3.68464708015847,0.881892118504408
175,175,25.4635566778546,17.4528636705816,3.6350459079827,0.915395212739105
176,176,25.1614071247456,19.0654075121292,3.72923667929549,0.888662102585833
177,177,25.7261264476902,20.1875112904273,3.69457940801281,0.904424750982391
178,178,25.7495660526087,28.5742167060951,3.75245042121562,0.930360820580234
179,179,24.7083425342995,19.0157561329609,3.64926513591555,0.895704942021418
180,180,25.0100805293183,22.7486973610747,3.75767318734891,0.902415595994609
181,181,25.3006379656823,19.1872771564831,3.64189110376271,0.877905707652325
182,182,25.6416625342949,21.0754891882951,3.77564978697688,0.895822383871786
183,183,25.0738260078892,10.8246531784904,3.7089833761963,0.874807759243693
184,184,24.7425837349151,26.044043578128,3.75965609648357,0.886547107906334
185,185,24.9850479933154,23.4302326983381,3.62863732737851,0.875226134569172
186,186,24.3335122735976,14.0065518958114,3.74317323394507,0.890585617979766
187,187,24.7338994393218,10.2917274698315,3.67028664798778,0.870557791414429
188,188,24.5702331435169,25.2633205021404,3.62306672282792,0.904717452842826
189,189,25.091152726663,21.350235197247,3.76309882609819,0.892249983337831
190,190,24.8779340879926,23.084276016137,3.72053996518537,0.860717421939052
191,191,25.5728319039406,22.694807770123,3.69210012791799,0.846582619159411
192,192,25.0982160884936,24.6866040148515,3.71140960543466,0.855073563586514
193,193,24.4332327053246,27.7465315890365,3.67579254393879,0.86589406141786
194,194,25.2196303545316,23.3181802094731,3.63191925747674,0.883745539846346
195,195,24.5023938607741,12.4134920286544,3.59440594192941,0.891033316508882
196,196,25.1036582338169,24.2747118367666,3.61418293970128,0.85856609709172
197,197,26.2226295311233,18.9445435975985,3.67652490174803,0.846308201987598
198,198,24.7811788368924,22.8196470554487,3.73360643892769,0.871597121229785
199,199,25.1008328254416,22.9779225723211,3.69475128229907,0.846778131235846
200,200,25.5729062071256,23.5675078899438,3.70671550612137,0.875567319791595
201,201,24.4924540349651,11.1765527813611,3.67727284238993,0.856630635850932
202,202,25.6271615454933,14.4790652719316,3.71563356590632,0.888052288595212
203,203,24.7995861509572,13.3596315298978,3.74070839922198,0.865776113171243
204,204,25.4163475483184,28.5705881342718,3.66273975641515,0.879283986709913
205,205,24.7331013999448,20.3046198151599,3.63662890856942,0.85805563635605
206,206,25.8653549681074,23.4672703392206,3.72718086911537,0.911452802405084
207,207,25.5965984036221,23.3560045026276,3.6677891875253,0.877870110011028
208,208,24.656936652429,11.629228503957,3.58928458801086,0.870013035409559
209,209,25.9146049181264,14.5014693983317,3.71232113496757,0.848419073195229
210,210,24.860280283675,15.6837841895609,3.72990411317215,0.881151830270039
211,211,25.4033040563869,28.2752745043138,3.73516077008575,0.851858264471923
212,212,25.0889386408073,14.5820313000801,3.71853642374052,0.849792128946499
213,213,24.9975637551698,14.9724081868457,3.69603460828933,0.858398324734841
214,214,26.015497456204,23.5258150825977,3.70616943203651,0.858639142117655
215,215,24.2306913421292,22.9698132317693,3.79676931293341,0.85890010985759
216,216,24.2412770626204,24.0735370518699,3.70231321422681,0.903953515209895
217,217,25.405940412492,26.742065580635,3.68242300095649,0.883103150291616
218,218,23.918218117268,24.5459140604559,3.769591857674,0.896663993383336
219,219,25.4108277013738,10.3886877961038,3.7578597997005,0.815357063760847
220,220,25.6535082309002,21.6749295797429,3.78540432525934,0.862804414150881
221,221,24.2567988329883,28.417536470641,3.748270951797,0.864738634446187
222,222,24.9837369640618,11.8335601349297,3.72792997024153,0.860677159344735
223,223,24.7006185474906,21.0912122034478,3.7695094877011,0.899504241142672
224,224,25.466339644089,28.6160558948279,3.69171021989193,0.85558406197388
225,225,24.6833658788886,13.9890588677104,3.68546784658466,0.849125090783938
226,226,25.4018943975242,20.5063916934517,3.6597197116329,0.871088992537292
227,227,24.6178476785309,12.5347821568459,3.78671049421733,0.83922679905484
228,228,25.5386992591317,24.9745456024866,3.81742621460568,0.896072319690561
229,229,25.1864067989522,16.2933738488518,3.75086251154086,0.883123267658288
230,230,24.4070559117753,13.7434826264091,3.67052033813604,0.908938339890226
231,231,24.4244519102741,29.6079025250567,3.63984268142117,0.872808826775674
232,232,25.0283243761013,24.256542662805,3.65491142279901,0.865213671001162
233,233,24.010975333574,26.5129997998975,3.70286510253809,0.885293117079224
234,234,25.4578736280911,23.6643963851761,3.63568450278325,0.862625051815241
235,235,25.7382293553299,23.7880360406679,3.62245108945607,0.858929443176573
236,236,25.3306738556823,20.6175176368968,3.62462176991342,0.83983828503606
237,237,24.4262628026995,13.7770740372553,3.72249022779546,0.842632324999389
238,238,25.120242771756,19.8603141352439,3.59800072666688,0.856774177819262
239,239,26.1188532303034,21.1907973301847,3.72459622094256,0.870152215987795
240,240,25.6288402433639,26.5656054176256,3.72116073381493,0.875880893419264
241,241,25.272898873349,14.0573721375074,3.64720255303157,0.842612248386038
242,242,25.4370569227984,20.5549243928163,3.65269967939269,0.845658017986758
243,243,25.6717072523082,26.1562241535139,3.67105569978839,0.83682680104023
244,244,25.0960377254056,17.1020891804078,3.66811642225463,0.82893751620964
245,245,24.9467419523736,20.9551006934448,3.74234976942113,0.859154638612187
246,246,24.8651117381969,24.3487568227887,3.69282630932205,0.84673631799833
247,247,25.0807658718516,14.050247297218,3.65742332926881,0.87882390716901
248,248,24.8838610024265,22.875137975327,3.72521609129626,0.842879188706129
249,249,24.6179420937317,10.0017803196687,3.74900555069802,0.868381862210247
250,250,24.5351707853374,20.2635396039111,3.61371036918282,0.840067195914057
251,251,25.3039335609701,21.3965802618617,3.76019781223335,0.858731680305416
252,252,24.7174445369138,10.1407339984188,3.64851079121318,0.873707258438197
253,253,24.529410563154,27.8494490609858,3.60275836477525,0.844784195217006
254,254,24.3143315671254,26.6638721171747,3.70374249893664,0.852250145858213
255,255,24.3132175587381,25.5033091922774,3.75654690270283,0.794630762929153
256,256,25.3433043170126,25.7627127274014,3.76119437002723,0.83726483491719
257,257,24.8179727114507,17.4725916074508,3.68034309137784,0.850090404710005
258,258,25.309525526287,13.0462395551286,3.73448168495199,0.847697513633147
259,259,25.6077024744502,17.0452060593061,3.69379865197769,0.878134025761305
260,260,24.8665850534624,22.901958466448,3.69040222188716,0.851100133803563
261,261,25.3627262052068,28.6387349395103,3.75752297585842,0.843654488059609
262,262,26.4479758353098,11.8664207044333,3.7119353025167,0.853528154539395
263,263,24.8323163530691,24.775555431675,3.74808408655894,0.816631582646558
264,264,25.2238048216114,11.1053471707784,3.72449154510956,0.832526826455587
265,265,24.8472633044175,25.1431693899296,3.66776005982551,0.851214209767119
266,266,25.5584739597344,19.2697871022573,3.72754545200062,0.836022741206616
267,267,24.7998883525558,10.9000889649818,3.69228480450221,0.792204358523267
268,268,24.79142345661,26.8405900886927,3.63874437583737,0.853940616683022
269,269,25.3314896450561,13.2942312425151,3.71022185558104,0.811509386520196
270,270,24.9891236133765,12.3014787078827,3.69962923462733,0.813022310455399
271,271,24.657681435795,15.4312174311455,3.67379018692008,0.846188047152707
272,272,23.9165914371668,16.2877257476359,3.70591146501079,0.832214576040287
273,273,24.2960651995329,22.121792465756,3.65762604837503,0.820885336359713
274,274,24.7296713352165,23.5493341335758,3.79512930545069,0.804279091110295
275,275,25.394156717572,29.7528451373281,3.62023358416205,0.822824344394141
276,276,25.3494632860496,29.865215039892,3.62298225025036,0.790923950634393
277,277,25.273093537843,25.1507268366575,3.75256279315128,0.841162972736966
278,278,25.513911941801,15.5011921310336,3.66162799259579,0.83196039020306
279,279,24.9003146284146,29.0802748938557,3.66802321989884,0.806752027508134
280,280,25.1907856319182,18.2216474802463,3.6680976274236,0.828316648230844
281,281,24.9690728734455,14.3324656836058,3.74485657537959,0.890404346055385
282,282,25.2246153630438,22.582601574701,3.70593239225041,0.835526807602311
283,283,24.9072502194001,10.2973807336519,3.72485137025673,0.838430078948356
284,284,25.5163872600467,10.8659957233824,3.6069990374884,0.862063715215466
285,285,24.2191564897362,13.6052426793739,3.61090086144311,0.83698174244451
286,286,26.1809621872163,14.0093018745693,3.71093570340412,0.828851470565099
287,287,24.8648723226425,24.3871512583609,3.60597690571657,0.829506122073294
288,288,24.3839473202511,18.8573512204103,3.79501667848869,0.833838790508524
289,289,24.4274854191087,26.9098525896703,3.71601548149472,0.848270939321969
290,290,24.9793657487313,17.7958020372398,3.76532654481685,0.832269148534148
291,291,25.6509000459272,26.7510439700813,3.61138432574127,0.849095077438752
292,292,24.5283471329317,24.9683730595195,3.72660773539008,0.822861803842865
293,293,25.2095116377888,21.6772208896828,3.72451135048982,0.840993740157242
294,294,24.5871137950219,13.2114719505296,3.75725628921801,0.81345113755169
295,295,25.477336111624,20.5768037171283,3.68259914137309,0.840307023451252
296,296,24.724164573767,19.2534180860379,3.6315930183657,0.799142888188105
297,297,24.6012425030399,17.5908769476003,3.6641030035898,0.812956080760397
298,298,26.0882033267831,11.8645997364008,3.67368752363957,0.811320710234175
299,299,25.1397381422207,15.1829089525958,3.68381452510632,0.856915537087481
300,300,25.6541032589609,16.7167328557982,3.68934227730405,0.799985517306894
301,301,25.4787453946535,17.5022442626424,3.71270183881295,0.794833494869164
302,302,25.105134449346,12.9251931018177,3.8051315670774,0.824369375987728
303,303,25.6767005141726,16.335397604553,3.65818006154231,0.794281827929998
304,304,24.9429589856809,15.6245081229058,3.66661585402436,0.796834223097457
305,305,25.2730277780189,26.4024724834364,3.78768069901229,0.826607785225059
306,306,24.2231116226497,16.841793160791,3.82335223708717,0.822291266689537
307,307,24.3890186291411,27.4400429093356,3.66335643444824,0.842856007249784
308,308,25.3826130793241,15.3605897668123,3.60429879991376,0.823042810565525
309,309,24.8229491772615,25.5086353406825,3.72479091344504,0.843538271500363
310,310,24.7949143588934,22.1841798898899,3.66478777056144,0.830220214356976
311,311,25.1921207945776,10.3593767926213,3.69613563800986,0.846198465254009
312,312,23.6854744340945,24.0302289454941,3.69500678627514,0.815608188978216
313,313,24.8198485064542,10.315046138701,3.71612138109256,0.770729571251931
314,314,24.4600638697084,23.6778624602945,3.63458032115973,0.798881357661457
315,315,25.2361646372184,27.5580327164145,3.7118571461463,0.806187800724016
316,316,25.0152739454214,18.6361213495186,3.67912908254033,0.814425571014458
317,317,24.2339990064574,22.6268583043787,3.62550872079104,0.800669193215874
318,318,24.9503261316537,21.7208148536627,3.69290424752563,0.820033629551559
319,319,24.8871083814403,14.5482248182431,3.64770077670616,0.813710751528603
320,320,25.2621689851984,25.6930936044297,3.84320561188349,0.847145003771455
321,321,24.6871500447477,15.7527259210668,3.70251026994511,0.782074145866001
322,322,24.3252546353183,28.4875120547235,3.69507094325159,0.807163178238943
323,323,24.9622120731943,15.9695027610906,3.68849414438883,0.799143716320389
324,324,25.2506485832632,20.7260637263689,3.69411246682954,0.831148342406277
325,325,25.1804480116435,16.6729496630315,3.760854937964,0.815971167696029
326,326,25.3302977364712,14.7458792430163,3.63066996002673,0.820745711118535
327,327,24.5316260238705,20.9047845290608,3.66160844254778,0.801778587544024
328,328,24.5740402067699,12.1537124635504,3.75065169419027,0.821664657815378
329,329,24.6654344662427,12.7431063106588,3.72350425813628,0.833298246198123
330,330,25.3086275567026,11.8885495721829,3.69034686603939,0.788357107649574
331,331,25.1418203018121,16.2176723459044,3.76767405505257,0.783553707623647
332,332,25.1754878510169,26.2527277155197,3.69500509306159,0.802409880731706
333,333,25.5087519571323,20.2711536977185,3.74745614030056,0.786631465218502
334,334,25.3388281024916,27.3295284198568,3.69984242406788,0.824417633102874
335,335,24.9129189845789,29.6097441337171,3.78950310206862,0.793707218006029
336,336,25.0808027254293,16.5330528336957,3.74144469370994,0.776525207576087
337,337,26.1140407681275,14.3923374831571,3.7325820384802,0.799619905392244
338,338,25.7208382541203,20.3644748181083,3.65720701619859,0.781679794874514
339,339,24.7757322220292,17.0601170206777,3.67798085469153,0.767522559430819
340,340,24.0676862334117,27.1895428881289,3.71923952266024,0.804129286749368
341,341,24.8037895428577,15.2004130920923,3.71445491836862,0.784305442576039
342,342,25.0671151732694,26.874420620078,3.62867163712562,0.802553212399256
343,343,24.0011825298165,21.6560310865098,3.71384051887888,0.817798611529753
344,344,25.6514406650853,24.388110671458,3.71768197290226,0.792871339967075
345,345,25.709664652045,16.8704755368315,3.61167950878395,0.780485153101468
346,346,24.9941741666819,10.1854783619183,3.64243757446454,0.79921283685679
347,347,24.8039141366899,13.848929554883,3.77306656653279,0.809627723674402
348,348,25.3757027866019,20.1477556590064,3.67278968300763,0.799753654404888
349,349,25.3655383725328,10.4848367715426,3.64342513389762,0.78997059482566
350,350,24.9359550476538,21.0008287803149,3.68198258509759,0.788777489219532
351,351,24.7218339637286,15.5236820281365,3.76241764284751,0.769286109446664
352,352,25.1287929282139,23.9248241835059,3.72144048007931,0.786303021403859
353,353,25.9307453303983,27.6270562931416,3.58747976758583,0.787560744639256
354,354,24.2724868799734,10.493628044896,3.67243947763223,0.799830918935937
355,355,25.8590170646585,16.8241292003959,3.62044097626483,0.802819559202415
356,356,24.0818848404717,18.4281135506344,3.66944233045638,0.79086591873406
357,357,24.5815330612972,11.6002231733573,3.60499934784897,0.769776358991192
358,358,25.2872369157648,11.5870761834664,3.73343738880056,0.757665517280494
359,359,25.5547545235512,11.4475249839732,3.75140519488196,0.786587021794256
360,360,24.5682567269497,28.0068201216218,3.74226677698999,0.779887896154429
361,361,24.9080996778906,29.3861659773282,3.74998650310643,0.786584498838813
362,362,24.591909228848,17.8261391762312,3.76221985441181,0.735857567222657
363,363,24.2293915210226,16.2717020973451,3.65926581602551,0.794767491591273
364,364,25.5704799992531,21.0662715987489,3.6745501106926,0.78797596237399
365,365,24.7593173712078,25.8409612499478,3.63070014352258,0.779346716670715
366,366,25.0152897137479,25.9662816616042,3.60169271656625,0.77262265759606
367,367,26.0565121178013,27.265170811198,3.65323138708723,0.791853454039184
368,368,25.1708865963288,25.9592440889462,3.63434552027828,0.783762581267343
369,369,24.9868982963485,10.1275282046157,3.70267188030313,0.76442741262983
370,370,25.3601390288591,28.3980272626974,3.68125465474992,0.778391151861593
371,371,25.1201599387403,10.3592448261119,3.72180494028033,0.758455026143136
372,372,24.3967949600515,10.5883295975413,3.65331363762126,0.761387052738679
373,373,25.3671380363819,24.229038327366,3.71699004356778,0.806927916210986
374,374,25.0042006930227,20.7682837308028,3.70976889568134,0.738384564860541
375,375,24.9555030542614,20.4917716103795,3.61801015860676,0.750731209308286
376,376,25.3809583838782,20.0447986083235,3.60205217689454,0.827552248991713
377,377,25.0977582583288,11.3134499645055,3.58331683312464,0.775846399089421
378,378,24.7260214351131,14.600812475162,3.66724852895686,0.781271366065344
379,379,24.3962986634369,12.3408063962509,3.7041859475452,0.799896226040936
380,380,25.3255937059285,29.795421228404,3.72557044615055,0.733321358334721
381,381,25.3937238476002,11.4103298216579,3.65026655757584,0.806754847324689
382,382,25.1016186594145,11.2004731183047,3.67875901418526,0.792146690392371
383,383,25.0458670678094,23.2315420305826,3.58645656752083,0.749404857010775
384,384,24.9551290206963,16.8811553895554,3.78911871020626,0.764298959764944
385,385,24.9408468086597,12.5702669646767,3.660639679613,0.777875608058434
386,386,24.8949744174643,22.7427132769577,3.7187458372153,0.751221344236546
387,387,25.7167958590265,24.9297633990958,3.6198430972918,0.75513546175736
388,388,25.5803052303922,26.1053459527087,3.67537256022087,0.756949164416279
389,389,24.8135727822447,15.3805426317214,3.74798364989517,0.76376382091441
390,390,25.3698614679856,18.6795955796672,3.63940726114058,0.75311497879577
391,391,24.7101102928613,18.0361297452827,3.72493773241567,0.777524526958763
392,392,24.6415944139121,22.162846788699,3.64094184671511,0.766811738329588
393,393,24.9388700180495,25.4017490409129,3.73236234794238,0.791953360331253
394,394,25.1036369144349,28.8224793485702,3.72467944394273,0.748630897575622
395,395,24.7172666360333,12.6292957556871,3.69382190003272,0.782476600451621
396,396,24.2803902806392,15.1144545305381,3.78970488473142,0.773304183615293
397,397,25.4001722935798,17.5662161543341,3.61965909759877,0.774785646116662
398,398,24.776936888733,29.8747139112162,3.72680312018572,0.759498916627412
399,399,25.0114787689968,16.8190248810208,3.78903582233161,0.759067652144582
400,400,25.2923644385458,27.9910420300533,3.71553844984299,0.733417986933283
401,401,25.0416924204209,14.7496322420416,3.73540281347447,0.782984639240689
402,402,25.0113294106053,14.4000216566731,3.69071293782672,0.755115043851026
403,403,25.1787462154321,29.821527997724,3.74407921573102,0.76623001098272
404,404,25.2743582417421,29.0221010416229,3.61017787920342,0.772609738748516
405,405,24.7117541211448,22.764335387684,3.64341571480099,0.752101567660046
406,406,25.1760057426758,20.0826168229635,3.6454956566617,0.759820626383915
407,407,25.3033644402087,17.1623669241649,3.64273625282517,0.747205859355615
408,408,25.1763753037444,25.369042279166,3.8196694051366,0.778727000339911
409,409,24.2386522337841,25.6872577564362,3.78652465709966,0.736525805114575
410,410,25.5737069118833,10.5783618508407,3.66901711318508,0.780137199758108
411,411,24.4798482820094,11.0488246905492,3.72208919650866,0.774334444150758
412,412,25.9726284274748,16.4683796795043,3.6173139215968,0.782410333112004
413,413,24.6692921272209,25.9937324960929,3.6647017243677,0.758038354051042
414,414,24.8902206130342,22.6045953451302,3.68538458167313,0.780626791404667
415,415,25.5446694832089,29.6559529590701,3.71527166224397,0.749902139604474
416,416,24.3209286114376,13.1649947359615,3.76019486618692,0.747331593827615
417,417,25.2318874844996,22.3335246379972,3.73085927782213,0.741403058743129
418,418,25.3678384820013,16.1743443531381,3.69901047386678,0.758393021053842
419,419,25.2689700480475,11.7015701282299,3.76212325556022,0.740400881368637
420,420,24.636439665094,27.5365911448764,3.69079710677603,0.746925105563077
421,421,25.2275800685896,21.8140287700603,3.73274751540685,0.742431837544405
422,422,24.5102274479875,16.0624627483232,3.80171274213351,0.742629849594131
423,423,25.1494023899948,13.3614020462203,3.6414996396096,0.703750659884923
424,424,24.7241110649512,16.7975350617742,3.68596625966561,0.740980723284703
425,425,25.0946431493519,11.3489222758357,3.65102560687641,0.710926189345918
426,426,24.592110322305,23.069797096615,3.62156787932198,0.750934232196658
427,427,25.2065647075511,14.8857114836668,3.74950618189866,0.758685106188312
428,428,24.7540228330621,25.1583646649355,3.67692579775454,0.729338472253826
429,429,24.574060322434,15.9802840783133,3.61491563880687,0.756519455185137
430,430,23.8967625813849,18.3763018924907,3.64879634355483,0.75064206554407
431,431,25.235275752256,11.1166438751,3.74927513980548,0.741730766220751
432,432,25.8692326392427,10.6171263975731,3.73233964976731,0.776000287652896
433,433,24.7223171488822,13.731607680924,3.7056324899048,0.755714193498434
434,434,25.7194325932596,15.4181129844068,3.62074210470792,0.739056854487396
435,435,24.9076522932032,11.324865836013,3.67397955563088,0.753103521455236
436,436,24.5938837475368,16.6698738492539,3.65188444046904,0.75147381054477
437,437,25.0413187986202,10.9981114541106,3.76693647178318,0.771562320566981
438,438,24.7958674290615,12.0261700167318,3.66687838691934,0.709478438901959
439,439,25.3472056110197,11.4373955119409,3.74255841815444,0.751254092292036
440,440,24.5703601990543,28.0902603375693,3.7847719242181,0.740147701317847
441,441,25.0647009145251,16.2359562392428,3.76686257035392,0.717388234938228
442,442,25.1438855357365,21.8353784539877,3.73108974449777,0.701701070437645
443,443,25.0636225182754,17.5525026829131,3.63552041854036,0.716450064130755
444,444,25.1432683440501,29.0312767273676,3.81620350178772,0.731751816762255
445,445,24.7882106203755,24.847903565968,3.63392060925457,0.741236226541257
446,446,24.2605205034726,27.7418672589045,3.66568852544425,0.745942097269518
447,447,25.1690380228577,21.977923111337,3.69918273478352,0.725516826398443
448,448,24.5271866225694,23.7925972686627,3.73733370581628,0.726638086494342
449,449,25.5568122273156,17.8223300889075,3.71367197750511,0.744164766953915
450,450,24.8459968748055,14.4654736765767,3.65984663372116,0.746685149012324
451,451,25.4313675178653,12.6252005779771,3.65026674123968,0.75350271399297
452,452,25.8621314941911,13.4495664800273,3.62491043395845,0.7
453,453,24.8303229428741,28.7719580145441,3.6809382536321,0.704107505302047
454,454,24.6991088984951,10.6896390643027,3.68560296041191,0.733377958118587
455,455,25.5558557278388,27.5911398338721,3.6929786906566,0.748079149635589
456,456,25.1584493427761,20.4465489827937,3.68094367374259,0.708537937631446
457,457,25.0186414170629,26.1649473395856,3.72516844787703,0.720050483109659
458,458,25.0711107825699,18.9515946495959,3.69297495616661,0.716132588531965
459,459,24.6304921105319,16.930779091956,3.67066749783766,0.72330320946318
460,460,25.5249225626406,25.1430152830865,3.68615535461356,0.714992220819668
461,461,24.7700546919845,17.2042584817176,3.78198067396139,0.738597128544239
462,462,25.5550548234746,21.1321335720285,3.70325246243886,0.7
463,463,24.756925030466,27.7744250975078,3.75306591050681,0.762669781044258
464,464,25.7279615060311,26.8032771585147,3.68098957856539,0.7
465,465,25.1485650406437,14.8805441385126,3.66493365330739,0.741217585010109
466,466,23.4486480266492,18.7123642554098,3.76966110012326,0.743589474951932
467,467,24.9087029471616,26.5710571108292,3.73059718050394,0.716508317386918
468,468,25.6299836044007,13.0540656912958,3.66983207240376,0.722837185163414
469,469,24.840566500051,25.1590786960304,3.76879143615058,0.70966024050015
470,470,24.6746802710529,27.5301697489369,3.68818143673808,0.733737752841461
471,471,25.2244183733252,20.0424718756382,3.6966815379548,0.723844705676887
472,472,25.7320000325598,21.4053346854574,3.69747965825887,0.721452844172364
473,473,25.3709634466715,27.0296390956044,3.69224330969838,0.733427513960272
474,474,25.0566422183975,29.6928547126144,3.71417699951529,0.71393316089888
475,475,25.2576082945511,25.804271036705,3.62846052170005,0.739059916387606
476,476,25.2591654084088,17.0136588347454,3.72745464411257,0.713962308204182
477,477,24.9099266858299,20.0380968253762,3.57715676035191,0.727699347400359
478,478,25.1988009213244,15.1042456059679,3.69914633801505,0.71476043168289
479,479,24.9935343603345,20.1974329412296,3.64380824638446,0.722925785875251
480,480,25.3507348230254,11.5723970469417,3.72285784551615,0.7156469038015
481,481,25.3105467223072,11.11798543748,3.64950005372805,0.723199180510247
482,482,24.2862289464643,22.6997573325479,3.74340013481314,0.702429565287369
483,483,24.7265346847109,22.3380675546666,3.66486906192553,0.734186598657576
484,484,24.3847481940099,11.6294693247979,3.65286367750444,0.702865904222551
485,485,25.0480339568083,22.1904139008801,3.71361824716132,0.71637234483336
486,486,23.8611380641777,20.8934128033103,3.68178406987614,0.7
487,487,24.9409781735468,27.118432738955,3.67367990182107,0.735428227180345
488,488,25.5290773012906,22.8537909805272,3.67225737335179,0.724136635598194
489,489,25.2181474740026,15.4326565212919,3.74236084537272,0.70061597270197
490,490,25.7057618340744,12.1350132332745,3.67536671904248,0.7
491,491,24.9926939143911,11.2102685012395,3.69434350490406,0.7
492,492,24.7311042812436,22.4376601263988,3.67020300185391,0.712449820158869
493,493,24.0826195160088,23.9814009943423,3.69117167735847,0.712789446107889
494,494,26.3177666982605,15.4988006018997,3.66058775978452,0.717109767918742
495,495,25.145386941107,18.4393858562998,3.72579052332768,0.7
496,496,25.5327993223369,17.3164540166668,3.71323177577438,0.703237560573873
497,497,25.2676136413011,11.6431744284027,3.74236442960795,0.7
498,498,24.8063280360769,11.3953957646222,3.71266877603005,0.7
499,499,24.8401803986741,12.4177923860717,3.71634741111533,0.717336305345524
500,500,23.7377384530065,23.5570599378646,3.70953436149639,0.707203183259244
